{"authenticationResultCode": "ValidCredentials", "brandLogoUri": "http://dev.virtualearth.net/Branding/logo_powered_by.png", "copyright": "Copyright \u00a9 2020 Microsoft and its suppliers. All rights reserved. This API cannot be accessed and the content and any results may not be used, reproduced or transmitted in any manner without express written permission from Microsoft Corporation.", "resourceSets": [{"estimatedTotal": 1, "resources": [{"__type": "DistanceMatrix:http://schemas.microsoft.com/search/local/ws/rest/v1", "destinations": [{"latitude": 23.5481186832784, "longitude": 87.2901749610901}, {"latitude": 23.5480203293332, "longitude": 87.2940266132355}, {"latitude": 23.5463581365304, "longitude": 87.2928786277771}, {"latitude": 23.54570899044, "longitude": 87.2901964187622}, {"latitude": 23.5472826723989, "longitude": 87.2913122177124}], "errorMessage": "Request completed.", "origins": [{"latitude": 23.5481186832784, "longitude": 87.2901749610901}, {"latitude": 23.5480203293332, "longitude": 87.2940266132355}, {"latitude": 23.5463581365304, "longitude": 87.2928786277771}, {"latitude": 23.54570899044, "longitude": 87.2901964187622}, {"latitude": 23.5472826723989, "longitude": 87.2913122177124}], "results": [{"destinationIndex": 0, "originIndex": 0, "totalWalkDuration": 0, "travelDistance": 0.001, "travelDuration": 0}, {"destinationIndex": 1, "originIndex": 0, "totalWalkDuration": 0, "travelDistance": 0.361, "travelDuration": 2.067}, {"destinationIndex": 2, "originIndex": 0, "totalWalkDuration": 0, "travelDistance": 0.366, "travelDuration": 2.633}, {"destinationIndex": 3, "originIndex": 0, "totalWalkDuration": 0, "travelDistance": 0.597, "travelDuration": 3.15}, {"destinationIndex": 4, "originIndex": 0, "totalWalkDuration": 0, "travelDistance": 0.125, "travelDuration": 0.733}, {"destinationIndex": 0, "originIndex": 1, "totalWalkDuration": 0, "travelDistance": 1.773, "travelDuration": 5.433}, {"destinationIndex": 1, "originIndex": 1, "totalWalkDuration": 0, "travelDistance": 1.412, "travelDuration": 2.583}, {"destinationIndex": 2, "originIndex": 1, "totalWalkDuration": 0, "travelDistance": 1.405, "travelDuration": 2.55}, {"destinationIndex": 3, "originIndex": 1, "totalWalkDuration": 0, "travelDistance": 1.786, "travelDuration": 5.167}, {"destinationIndex": 4, "originIndex": 1, "totalWalkDuration": 0, "travelDistance": 1.604, "travelDuration": 4.5}, {"destinationIndex": 0, "originIndex": 2, "totalWalkDuration": 0, "travelDistance": 0.366, "travelDuration": 2.883}, {"destinationIndex": 1, "originIndex": 2, "totalWalkDuration": 0, "travelDistance": 0.005, "travelDuration": 0.017}, {"destinationIndex": 2, "originIndex": 2, "totalWalkDuration": 0, "travelDistance": 0, "travelDuration": 0}, {"destinationIndex": 3, "originIndex": 2, "totalWalkDuration": 0, "travelDistance": 0.379, "travelDuration": 2.6}, {"destinationIndex": 4, "originIndex": 2, "totalWalkDuration": 0, "travelDistance": 0.197, "travelDuration": 1.933}, {"destinationIndex": 0, "originIndex": 3, "totalWalkDuration": 0, "travelDistance": 0.597, "travelDuration": 3.4}, {"destinationIndex": 1, "originIndex": 3, "totalWalkDuration": 0, "travelDistance": 0.374, "travelDuration": 2.05}, {"destinationIndex": 2, "originIndex": 3, "totalWalkDuration": 0, "travelDistance": 0.379, "travelDuration": 2.6}, {"destinationIndex": 3, "originIndex": 3, "totalWalkDuration": 0, "travelDistance": 0, "travelDuration": 0}, {"destinationIndex": 4, "originIndex": 3, "totalWalkDuration": 0, "travelDistance": 0.438, "travelDuration": 2.417}, {"destinationIndex": 0, "originIndex": 4, "totalWalkDuration": 0, "travelDistance": 0.125, "travelDuration": 0.983}, {"destinationIndex": 1, "originIndex": 4, "totalWalkDuration": 0, "travelDistance": 0.192, "travelDuration": 1.383}, {"destinationIndex": 2, "originIndex": 4, "totalWalkDuration": 0, "travelDistance": 0.197, "travelDuration": 1.933}, {"destinationIndex": 3, "originIndex": 4, "totalWalkDuration": 0, "travelDistance": 0.438, "travelDuration": 2.967}, {"destinationIndex": 4, "originIndex": 4, "totalWalkDuration": 0, "travelDistance": 0.001, "travelDuration": 0}]}]}], "statusCode": 200, "statusDescription": "OK", "traceId": "561446ed91504e1a846c9339a541a170|HK00000C06|0.0.0.0|HK0000082E, HK0000082B"}